{"success_rate":0.383,"_step":999,"_runtime":53.291051,"episode":1000,"_wandb":{"runtime":53},"running_reward":5.532264865321891,"_timestamp":1.733347166007377e+09,"value_loss":40.55514820485488,"episode_reward":-14.05201461958341,"policy_loss":6.133695520499633}