{"success":true,"_wandb":{"runtime":2},"_step":36,"policy_loss":NaN,"_timestamp":1.733179545015145e+09,"episode_reward":99.99999999999991,"_runtime":2.653048,"running_reward":84.19593436404746,"episode":37,"value_loss":NaN}