{"success_rate":0.2,"_runtime":1.479646,"_timestamp":1.733251860005213e+09,"running_reward":17.746966266269744,"_wandb":{"runtime":1},"episode_reward":-175.80365780426573,"policy_loss":42.09791708257583,"value_loss":37.75446990951707,"_step":9,"episode":10}