{"_wandb":{"runtime":75},"episode":1000,"_timestamp":1.733236826999135e+09,"success_rate":0.33,"_runtime":75.498209,"_step":999,"episode_reward":1.0125139938286176,"policy_loss":-17.979509353637695,"running_reward":0.2840467437545857,"value_loss":13.171582221984863}