{"episode_reward":0.03433861908642591,"_step":999,"_runtime":52.033219,"episode":1000,"value_loss":35.983699798583984,"_timestamp":1.733191786133664e+09,"_wandb":{"runtime":52},"running_reward":0.37080781097787635,"policy_loss":-26.43921661376953,"success_rate":0.366}