{"_wandb":{"runtime":46},"_step":999,"value_loss":37.74978256225586,"_runtime":46.347051,"episode":1000,"_timestamp":1.733237673744062e+09,"episode_reward":0.04570309884853347,"running_reward":0.4178627351714672,"success_rate":0.412,"policy_loss":-36.807838439941406}