{"running_reward":0.34002855232264884,"episode_reward":0.021486596059054862,"episode":1000,"policy_loss":-35.075103759765625,"success_rate":0.383,"value_loss":32.041709899902344,"_timestamp":1.7331919359322538e+09,"_wandb":{"runtime":52},"_step":999,"_runtime":52.18311}