{"policy_loss":-37.814247131347656,"episode_reward":-0.002,"_runtime":66.049045,"success_rate":0.041,"running_reward":0.01967467430971876,"_wandb":{"runtime":66},"episode":1000,"_timestamp":1.7332393067269702e+09,"value_loss":37.574607849121094,"_step":999}