{"value_loss":56.19587707519531,"_runtime":590.322417,"success_rate":0.3806,"_wandb":{"runtime":590},"_step":4999,"policy_loss":-5.628409385681152,"episode":5000,"running_reward":0.5485085973753849,"episode_reward":0.057052225305350555,"_timestamp":1.733240109002097e+09}