{"_step":36,"value_loss":NaN,"_timestamp":1.7331795101501e+09,"episode":37,"episode_reward":99.99999999999991,"_runtime":2.897034,"policy_loss":NaN,"success":true,"running_reward":87.38670246791648,"_wandb":{"runtime":2}}