{"_step":1999,"policy_loss":-52.609291076660156,"running_reward":0.18627290468108768,"_wandb":{"runtime":104},"_runtime":104.712828,"value_loss":36.84393310546875,"episode_reward":0.0223782327085322,"_timestamp":1.733186242245337e+09,"episode":2000,"success_rate":0.2955}