{"running_reward":0.5293922662004502,"_wandb":{"runtime":124},"policy_loss":8.59946060180664,"_runtime":124.946251,"value_loss":47.32353210449219,"episode_reward":0.98,"_timestamp":1.7332387558340101e+09,"episode":1000,"_step":999,"success_rate":0.514}