{"value_loss":40.887988173590756,"_runtime":53.220279,"success_rate":0.326,"_step":999,"_wandb":{"runtime":53},"episode_reward":-136.46573899683935,"running_reward":185.27081189318199,"policy_loss":21.172227899772366,"episode":1000,"_timestamp":1.7332519341768472e+09}