{"_timestamp":1.733238382749207e+09,"success_rate":0.461,"episode":1000,"value_loss":1.4525401592254639,"_step":999,"_wandb":{"runtime":90},"policy_loss":-1.1084401607513428,"episode_reward":0.998,"running_reward":0.5149386136540454,"_runtime":90.75674}