{"_step":999,"success_rate":0.298,"episode_reward":1.0192352146184849,"policy_loss":-17.435070037841797,"episode":1000,"running_reward":0.3421591274715659,"_wandb":{"runtime":56},"_timestamp":1.7332370721661592e+09,"value_loss":18.55768394470215,"_runtime":56.30948}