{"episode_reward":0.20525296515906868,"success_rate":0.38,"_step":1999,"_runtime":102.914048,"running_reward":0.4256105323930844,"_timestamp":1.733184511244948e+09,"episode":2000,"policy_loss":15.04600715637207,"value_loss":43.0621337890625,"_wandb":{"runtime":102}}