{"success_rate":0.294,"_timestamp":1.7331913537241201e+09,"policy_loss":-46.361228942871094,"_runtime":53.583241,"episode":1000,"value_loss":42.61973190307617,"_wandb":{"runtime":53},"running_reward":0.3478661902627866,"_step":999,"episode_reward":0.01983994323381543}