{"episode_reward":0.03275777012269469,"running_reward":0.3052894275248379,"_runtime":103.94721,"success_rate":0.32,"_timestamp":1.733187020482667e+09,"episode":2000,"value_loss":37.19424057006836,"_step":1999,"_wandb":{"runtime":103},"policy_loss":-41.2004280090332}