{"_step":999,"running_reward":0.45345720211250296,"policy_loss":-3.7580113410949707,"_timestamp":1.733238177197945e+09,"_wandb":{"runtime":50},"episode":1000,"success_rate":0.351,"value_loss":16.111297607421875,"episode_reward":0.997,"_runtime":50.140877}