{"running_reward":93.95357151328302,"_step":999,"episode":1000,"_runtime":38.945197,"value_loss":51.179039001464844,"_wandb":{"runtime":38},"success":false,"policy_loss":-5457.6171875,"_timestamp":1.7331801420443158e+09,"episode_reward":96.2168056480463}