{"value_loss":37.67893965716678,"_timestamp":1.733248987702531e+09,"episode":10,"success_rate":0.2,"running_reward":24.846195019600522,"_step":9,"_wandb":{"runtime":3},"_runtime":3.087656,"episode_reward":-169.34611486978423,"policy_loss":31.17485411095393}