{"episode_reward":0.999,"value_loss":3.7722362321801484e-05,"_timestamp":1.7332389873071969e+09,"_wandb":{"runtime":122},"running_reward":0.5643479296599989,"_step":999,"_runtime":122.945933,"episode":1000,"policy_loss":0.021695878356695175,"success_rate":0.488}