{"_timestamp":1.733191649691623e+09,"_wandb":{"runtime":58},"episode_reward":1.0067661108394566,"_step":999,"value_loss":12.043085098266602,"success_rate":0.149,"_runtime":58.260312,"running_reward":0.2994584793436563,"policy_loss":-19.300582885742188,"episode":1000}