{"_runtime":110.455012,"episode_reward":0.011060440847899342,"policy_loss":-17.023941040039062,"value_loss":43.09932327270508,"_wandb":{"runtime":110},"success_rate":0.1925,"episode":2000,"_step":1999,"running_reward":0.17006279683486733,"_timestamp":1.733192691652479e+09}