{"_step":999,"episode":1000,"_wandb":{"runtime":42},"episode_reward":96.7879617453442,"success":false,"_timestamp":1.7331797657718642e+09,"running_reward":98.21959260212492,"value_loss":45.42478942871094,"policy_loss":-1.63457466368e+11,"_runtime":42.038483}