{"policy_loss":-12.094882011413574,"success_rate":0.3005,"_timestamp":1.7331909586996531e+09,"_wandb":{"runtime":107},"episode_reward":1.0127567693002033,"value_loss":14.194475173950195,"_step":1999,"running_reward":0.4170994033033949,"episode":2000,"_runtime":107.131201}