{"_step":7,"running_reward":32.0643359229897,"_runtime":3.3823,"value_loss":NaN,"_wandb":{"runtime":3},"policy_loss":NaN,"episode":8,"episode_reward":99.99999999999991,"success":true,"_timestamp":1.7331791722053251e+09}