{"running_reward":0.06488090197894372,"_step":999,"_wandb":{"runtime":66},"success_rate":0.045,"policy_loss":-35.92681884765625,"episode":1000,"_runtime":66.364269,"_timestamp":1.733239429758941e+09,"value_loss":36.43813705444336,"episode_reward":0.024359176492761103}